"min","max","avg"
1.000000,1.000000,1.000000
1.000000,1.000000,1.000000
1.000000,1.000000,1.000000
1.000000,1.000000,1.000000
1.000000,1.000000,1.000000
1.000000,1.000000,1.000000
1.000000,1.000000,1.000000
0.990000,1.000000,0.999310
